smiles,target
CSCS(=O)CC(CO)NC(=O)C=Cc1c(C)[nH]c(=O)[nH]c1=O,-1.981
CCN(Cc1c(F)cccc1Cl)c2c(cc(cc2N(=O)=O)C(F)(F)F)N(=O)=O,-6.78
Clc1ccccc1c2ccccc2Cl,-5.27
COc1cc(CC=C)ccc1O,-1.56
CC45CCC2C(CCC3CC1SC1CC23C)C4CCC5O,-5.41
CCOC(C)OCC,-0.43
C1c2ccccc2c3ccccc13,-5.0
CCN(CC)c1nc(Cl)nc(n1)N(CC)CC,-4.4110000000000005
Cn2c(=O)n(C)c1ncn(CC(O)CO)c1c2=O,-0.17
CCOP(=S)(OCC)Oc2ccc1oc(=O)c(Cl)c(C)c1c2,-5.382000000000001
COC(=O)c1ccccc1C(=O)OC,-1.66
CC(=O)OC3(CCC4C2C=C(C)C1=CC(=O)CCC1(C)C2CCC34C)C(C)=O,-5.35
CCCCCCCCCCCCO,-4.8
Cc1cccc(C)c1,-2.82
BrC(Br)(Br)Br,-3.14
Fc1cccc(Br)c1,-2.67
COP(=S)(OC)SCC(=O)N(C(C)C)c1ccc(Cl)cc1,-4.432
CCCC(C)(O)CC,-0.98
CCCOC(=O)CC,-0.82
CC12CC2(C)C(=O)N(C1=O)c3cc(Cl)cc(Cl)c3,-4.8
O=C(C=CC=Cc2ccc1OCOc1c2)N3CCCCC3,-3.46
Nc1ncnc2n(ccc12)C3OC(CO)C(O)C3O,-1.95
NC(N)=NC#N,-0.31
CC(C)OC(=O)C(O)(c1ccc(Br)cc1)c2ccc(Br)cc2,-4.93
CC34CC(O)C1(F)C(CCC2=CC(=O)CCC12C)C3CCC4(O)C(=O)CO,-3.43
CC(=O)OCC(=O)C3(O)C(CC4C2CCC1=CC(=O)C=CC1(C)C2(F)C(O)CC34C)OC(C)=O,-4.13
CCCCc1ccccc1,-4.06
CCCCOC(=O)CCCCCCCCC(=O)OCCCC,-3.896
CC(C)c1ccccc1,-3.27
c2ccc1[nH]nnc1c2,-0.78
ClCCl,-0.63
CC(C)C,-2.55
CCOP(=S)(OCC)SC(CCl)N1C(=O)c2ccccc2C1=O,-6.34
CCOc1ccc(cc1)C(C)(C)COCc3cccc(Oc2ccccc2)c3,-8.6
CCCCN(CC)C(=O)SCCC,-3.53
ClC(Cl)(Cl)C#N,-2.168
CC(=O)Nc1ccc(cc1)N(=O)=O,-2.692
CCC(C)(O)CC,-0.36
CCCCC(=O)OC3(C(C)CC4C2CCC1=CC(=O)C=CC1(C)C2(F)C(O)CC34C)C(=O)CO,-4.71
CCCCCCCCCC(=O)OCC,-4.1
Cn2c(=O)on(c1ccc(Cl)c(Cl)c1)c2=O,-2.82
CC(C)NC(=O)N1CC(=O)N(C1=O)c2cc(Cl)cc(Cl)c2,-4.376
OC3N=C(c1ccccc1Cl)c2cc(Cl)ccc2NC3=O,-3.604
Clc1ccc(c(Cl)c1)c2cc(Cl)c(Cl)c(Cl)c2Cl,-7.39
C=CC=O,0.57
CCOC(=O)N(C)C(=O)CSP(=S)(OCC)OCC,-2.518
Clc1cc(Cl)cc(Cl)c1,-4.48
O=C2NC(=O)C1(CCC1)C(=O)N2,-1.655
CCCCCCCCC(=O)OC,-3.38
Clc1ccc(Cl)c(c1)c2c(Cl)c(Cl)c(Cl)c(Cl)c2Cl,-8.94
CC34CCC1C(=CCc2cc(O)ccc12)C3CCC4=O,-5.282
CCC(C(CC)c1ccc(O)cc1)c2ccc(O)cc2,-4.43
CC(C)N(=O)=O,-0.62
Cc1cccc(C)c1O,-1.29
C/C1CCCCC1\C,-4.3
Cc1ccccc1C,-2.8
CCCCCBr,-3.08
O=C1CCC(=O)N1,0.3
CN(C)C(=O)C(c1ccccc1)c2ccccc2,-2.98
Clc1cc(c(Cl)c(Cl)c1Cl)c2cc(Cl)c(Cl)c(Cl)c2Cl,-9.16
Cc1c[nH]c2ccccc12,-2.42
N(c1ccccc1)c2ccccc2,-3.504
O=c2c(C3CCCc4ccccc43)c(O)c1ccccc1o2,-2.84
CCCCCCCCCCCCCCO,-5.84
Cn1c(=O)n(C)c2nc[nH]c2c1=O,-1.39
CCCCCC#C,-3.01
CC(C)COC=O,-1.01
CC1(C)C(C=C(Br)Br)C1C(=O)OC(C#N)c2cccc(Oc3ccccc3)c2,-8.402000000000001
c1c(NC(=O)c2ccccc2(I))cccc1,-4.21
Nc1ccc(cc1)S(N)(=O)=O,-1.34
CCOP(=S)(OCC)SCSP(=S)(OCC)OCC,-5.54
COc1ccccc1Cl,-2.46
OCC2OC(Oc1ccccc1CO)C(O)C(O)C2O,-0.85
Nc1ccccc1N(=O)=O,-1.96
COC=O,0.58
Oc1c(Br)cc(C#N)cc1Br,-3.33
CC(C)(C)c1ccccc1,-3.66
c1ccc(cc1)c2ccccc2,-4.345
CCCCCCCC(C)O,-2.74
CC(C)SC(C)C,-2.24
CCCCC(=O)OCC,-2.25
CC(=O)OC3(CCC4C2CCC1=CC(=O)CCC1C2CCC34C)C#C,-4.8
CC(=O)CC(c1ccc(Cl)cc1)c2c(O)c3ccccc3oc2=O,-5.839
CC(=O)OCC(COC(=O)C)OC(=O)C,-0.6
CCN(CC)c1c(cc(c(N)c1N(=O)=O)C(F)(F)F)N(=O)=O,-5.47
CC(C)CCO,-0.51
CCOC(=O)CC,-0.66
COC(=O)c1ccccc1OC2OC(COC3OCC(O)C(O)C3O)C(O)C(O)C2O,-0.742
Cn1cnc2n(C)c(=O)[nH]c(=O)c12,-2.523
CCCCCCBr,-3.81
Clc1cc(Cl)c(c(Cl)c1)c2c(Cl)cc(Cl)cc2Cl,-8.71
Clc1cc(Cl)c(Cl)c(c1Cl)c2c(Cl)c(Cl)cc(Cl)c2Cl,-9.15
CCOC(=O)c1ccc(N)cc1,-2.616
CCCCCCCCl,-4.0
Clc1ccccc1N(=O)=O,-2.55
CCc1cccc(C)c1N(C(C)COC)C(=O)CCl,-2.73
Clc1cc(Cl)c(cc1Cl)c2cc(Cl)c(Cl)cc2Cl,-8.56
c1(C(=O)OCCCCCC(C)(C))c(C(=O)OCCCCCC(C)(C))cccc1,-6.6370000000000005
Cc1cccc(N)c1,-0.85
C1N(C(=O)NCC(C)C)C(=O)NC1,-2.15
Cc1ccc(O)cc1,-0.73
CCCCCCCCC,-5.88
CC(C)OC(=O)Nc1cccc(Cl)c1,-3.38
CN(C)C(=O)Nc1cccc(c1)C(F)(F)F,-3.43
CN(C)c2c(C)n(C)n(c1ccccc1)c2=O,-0.364
CCCCCCCCC(=O)OCC,-3.8
COc5cc4OCC3Oc2c1CC(Oc1ccc2C(=O)C3c4cc5OC)C(C)=C,-4.42
c1ccccc1(OC(=O)NC),-1.803
Oc1cccc(O)c1,0.81
OC1CCCCCCC1,-1.29
CCOC(=O)CC(=O)OCC,-0.82
ClCCCl,-1.06
Cc1cccc(c1)N(=O)=O,-2.44
Cc1ccc(O)c(C)c1,-1.19
ICI,-2.34
O(c1ccccc1)c2ccccc2,-3.96
CC1CCCCC1NC(=O)Nc2ccccc2,-4.11
Oc1c(Cl)cccc1Cl,-1.79
CN(C)C(=O)Nc1ccccc1,-1.6
CCC(=C)C,-2.73
CCCC#C,-1.64
C1CCCCC1,-3.1
Cc1cc(no1)C(=O)NNCc2ccccc2,-2.461
CCCCCCC(=O)OCC,-2.74
Clc2ccc(Oc1ccc(cc1)N(=O)=O)c(Cl)c2,-5.46
CCOC=C,-0.85
CCCOC(C)C,-1.34
Cc1c(cc(cc1N(=O)=O)N(=O)=O)N(=O)=O,-3.22
Clc1ccc(cc1)N(=O)=O,-2.92
CCC(C)C1(CC=C)C(=O)NC(=O)NC1=O,-2.016
CN(C)C(=O)OC1=CC(=O)CC(C)(C)C1,-0.85
CCNc1nc(Cl)nc(NC(C)C)n1,-3.85
Oc1c(Cl)cc(Cl)c(Cl)c1Cl,-3.1
CC1=CCC(CC1)C(C)=C,-4.26
O=N(=O)c1cccc(c1)N(=O)=O,-2.29
Clc1cccc2ccccc12,-3.93
O=N(=O)c1ccccc1N(=O)=O,-3.1
Brc1ccccc1Br,-3.5
OC4=C(C1CCC(CC1)c2ccc(Cl)cc2)C(=O)c3ccccc3C4=O,-5.931
CCC(C)CO,-0.47
CC(C)CCCO,-1.14
NC(=O)CCl,-0.02
Clc1ccc(c(Cl)c1)c2cc(Cl)ccc2Cl,-6.57
CCCCC#C,-2.36
Clc1ccc(cc1)c2ccccc2Cl,-5.28
O=C1N(COC(=O)C)C(=O)C(N1)(c2ccccc2)c3ccccc3,-4.47
Fc1c[nH]c(=O)[nH]c1=O,-1.077
COP(=S)(OC)Oc1cc(Cl)c(Br)cc1Cl,-6.09
FC(F)(F)c1ccccc1,-2.51
Oc1c(Cl)cc(Cl)cc1Cl,-2.34
CN(C)C(=O)Oc1cc(C)nn1c2ccccc2,-2.09
CCCCN(C)C(=O)Nc1ccc(Cl)c(Cl)c1,-4.77
CN(C)C(=O)Nc1ccc(C)c(Cl)c1,-3.483
Oc1cc(Cl)ccc1Oc2ccc(Cl)cc2Cl,-4.46
c1c(Cl)cccc1c2ccccc2,-4.88
OCC(NC(=O)C(Cl)Cl)C(O)c1ccc(cc1)N(=O)=O,-2.111
NC(=O)c1cccnc1,0.61
Cc1ccc(cc1N(=O)=O)N(=O)=O,-2.82
CCOP(=S)(OCC)SCSCC,-4.11
CC(C)CBr,-2.43
CCN2c1cc(N(C)C)cc(C)c1NC(=O)c3cccnc23,-4.871
CN(C)C(=O)Nc1ccc(c(Cl)c1)n2nc(oc2=O)C(C)(C)C,-4.328
CCCCOCCO,-0.42
O=C1NC(=O)NC(=O)C1(CC)CC=C,-1.614
CCCC(C)(C)C,-4.36
COCC(=O)N(C(C)C(=O)OC)c1c(C)cccc1C,-1.601
NC(=S)N,0.32
Cc1cccnc1C,0.38
Cc1cccc2c1Cc3ccccc32,-5.22
CCC(O)C(C)C,-0.7
CN(C)C(=O)Nc1ccc(Cl)cc1,-2.89
CCCCC(C)(C)O,-1.08
CCCC(=O)CCC,-1.3
CCC(=O)C,0.52
NC(=O)NC1NC(=O)NC1=O,-1.6
CN2C(=C(O)c1ccccc1S2(=O)=O)C(=O)Nc3ccccn3,-4.16
CCCN(CCC)c1c(cc(cc1N(=O)=O)C(C)C)N(=O)=O,-6.49
COc2cnc1cncnc1n2,-0.91
C1CCCCCCC1,-4.15
Clc1ccc(cc1)c2cccc(Cl)c2Cl,-6.29
CCCCCc1ccccc1,-4.64
Oc1cccc2ccccc12,-2.22
Cc2cnc1cncnc1n2,-0.8540000000000001
CC(=O)CCC1C(=O)N(N(C1=O)c2ccccc2)c3ccccc3,-3.27
CCC(O)(CC)CC,-0.85
CCCSCCC,-2.58
NNc1ccccc1,0.07
CCCCCCC=C,-4.44
c1c(NC(=O)OC(C)C(=O)NCC)cccc1,-1.83
CCc1ccc(C)cc1,-3.11
CCCC/C=C/C,-3.82
O=C1NC(=O)NC(=O)C1(CC)CCC(C)C,-2.658
N#Cc1ccccc1C#N,-2.38
NC(=O)c1ccccc1O,-1.82
CCCOC,-0.39
CC(C)Oc1cc(c(Cl)cc1Cl)n2nc(oc2=O)C(C)(C)C,-5.696000000000001
COc2c1occc1cc3ccc(=O)oc23,-3.664
CC(C)(C)CCO,-0.5
Oc1cccc(c1)N(=O)=O,-1.01
OCCCC=C,-0.15
CI,-1.0
CCOC(=O)CCN(SN(C)C(=O)Oc1cccc2CC(C)(C)Oc21)C(C)C,-4.71
CN(C)C(=O)Oc1nc(nc(C)c1C)N(C)C,-1.95
Clc1ccc(Br)cc1,-3.63
OCc1ccccc1,-0.4
Oc1c(Cl)c(Cl)c(Cl)c(Cl)c1Cl,-4.28
CCCCCC(=O)OC,-1.87
CC(Cl)CCl,-1.6
CC=CC=O,0.32
CC1=C(SCCO1)C(=O)Nc2ccccc2,-3.14
Clc1ccc2ccccc2c1,-4.14
CCCCOCN(C(=O)CCl)c1c(CC)cccc1CC,-4.19
C1CCOCC1,-0.03
CCC(C)C(=O)C,-0.67
CC(=O)CC(c1ccccc1)c3c(O)c2ccccc2oc3=O,-3.893
Oc1ccc(Cl)c(Cl)c1Cl,-2.67
c1ccc2c(c1)[nH]c3ccccc32,-5.27
OCC1OC(O)C(O)C(O)C1O,0.74
CC1(C)C(C=C(Cl)Cl)C1C(=O)OC(C#N)c2ccc(F)c(Oc3ccccc3)c2,-7.337000000000001
CCCC(=O)CC,-0.83
C1Cc2cccc3cccc1c23,-4.63
Cc1cc(=O)n(c2ccccc2)n1C,0.715
O2c1ccccc1N(C)C(=O)c3cccnc23,-3.672
Oc1ccccc1N(=O)=O,-1.74
CC(C)C1CCC(C)CC1O,-2.53
CNC(=O)C=C(C)OP(=O)(OC)OC,0.6509999999999999
OCC(O)C(O)C(O)C(O)CO,0.06
OC1CCCCCC1,-0.88
COC(C)(C)CCCC(C)CC=CC(C)=CC(=O)OC(C)C,-5.19
CC1(C)C2CCC1(C)C(O)C2,-2.32
c1ccnnc1,1.1
CCC(C)(C)C,-3.55
Clc1ccc(CN(C2CCCC2)C(=O)Nc3ccccc3)cc1,-5.915
CCNc1nc(NC(C)C)nc(SC)n1,-3.04
Oc2cc(O)c1C(=O)CC(Oc1c2)c3ccc(O)c(O)c3,-3.62
COc1ccc(cc1)C(c2ccc(OC)cc2)C(Cl)(Cl)Cl,-6.89
Clc1ccccc1C2=NCC(=O)Nc3ccc(cc23)N(=O)=O,-3.499
c2ccc1NCCc1c2,-1.04
CNc1ccccc1,-1.28
c1cc2ccc3cccc4ccc(c1)c2c34,-6.176
COc1ccc(C=O)cc1,-1.49
CCN(CC)C(=S)SCC(Cl)=C,-3.39
O=C1NC(=O)NC(=O)C1(CC=C)CC=C,-2.077
CCOCCOCC,-0.77
Cc1c(cccc1N(=O)=O)N(=O)=O,-3.0
Fc1cccc(F)c1,-2.0
CCCCCCCO,-1.81
Nc1nc[nH]n1,0.522
CCCC(C)(C)CO,-1.52
CCC1(CCC(=O)NC1=O)c2ccccc2,-2.337
Oc1ccccc1Cl,-1.06
Clc1cccc(c1)N(=O)=O,-2.77
CCNc1nc(Cl)nc(NC(C)(C)C#N)n1,-3.15
CN2C(=O)CN=C(c1ccccc1)c3cc(ccc23)N(=O)=O,-3.796
CC(=O)Nc1ccc(Cl)cc1,-2.843
C1CCCC1,-2.64
COP(=S)(OC)Oc1ccc(N(=O)=O)c(C)c1,-4.04
COc1ccc(C=CC)cc1,-3.13
Cc1cccc2c(C)cccc12,-4.678999999999999
CC1=CC(=O)CC(C)(C)C1,-1.06
Clc1ccc(Cl)c(c1)c2c(Cl)c(Cl)cc(Cl)c2Cl,-7.42
CN(C)C=Nc1ccc(Cl)cc1C,-2.86
C=CCCC=C,-2.68
CCCCCCC,-4.53
NC(=O)N,0.96
CCc1ccccc1,-2.77
ClC1C(Cl)C(Cl)C(Cl)C(Cl)C1Cl,-4.64
CC1CC2C3CCC4=CC(=O)C=CC4(C)C3(F)C(O)CC2(C)C1(O)C(=O)CO,-3.59
O=C2NC(=O)C1(CCCCCC1)C(=O)N2,-3.168
Cc1ncnc2nccnc12,-0.466
Oc1cc(Cl)c(Cl)cc1Cl,-2.21
CN(C)C(=O)Nc1ccc(Cl)c(Cl)c1,-3.8
C/C1CCC(\C)CC1,-4.47
Cc3nnc4CN=C(c1ccccc1Cl)c2cc(Cl)ccc2n34,-4.09
CCOP(=S)(OCC)Oc1ccc(cc1)N(=O)=O,-4.66
CSc1nc(NC(C)C)nc(NC(C)C)n1,-4.1
c1(OC)ccc(CC=C)cc1,-2.92
Nc1cccc2ccccc12,-1.92
C1(=O)NC(=O)NC(=O)C1(O)C2(O)C(=O)NC(=O)NC2(=O),-1.99
CCCCCCCC=C,-5.05
CC1CCCC1,-3.3
c2ccc1scnc1c2,-1.5
CCOc1ccccc1,-2.33
C/C=C/C=O,0.32
CCC#CCC,-1.99
CCCc1ccccc1,-3.37
O=c1[nH]cnc2nc[nH]c12,-2.296
ClC1C=CC2C1C3(Cl)C(=C(Cl)C2(Cl)C3(Cl)Cl)Cl,-6.317
c1ccc(cc1)c2ccc(cc2)c3ccccc3,-7.11
Ic1cccc2ccccc12,-4.55
CC(C)c1ccc(C)cc1O,-2.22
Nc1ccc(cc1)c2ccc(N)cc2,-2.7
CCCCCO,-0.6
CCN2c1cc(Cl)ccc1NC(=O)c3cccnc23,-5.36
CC(C)C(C)O,-0.18
COC(=O)Nc1cccc(OC(=O)Nc2cccc(C)c2)c1,-4.805
Ic1ccccc1,-3.01
CCCCC=O,-0.85
COc2ncc1nccnc1n2,-1.11
Nc1ccc(cc1)S(=O)(=O)c2ccc(N)cc2,-3.094
ClCC,-1.06
CCCCCC(C)(C)O,-1.72
OCC(O)CO,1.12
COc1ccc(NC(=O)N(C)C)cc1Cl,-2.564
CC1=CCCCC1,-3.27
Oc1ccncc1,1.02
COP(=S)(OC)Oc1ccc(cc1Cl)N(=O)=O,-4.31
CCOP(=S)(OCC)SCn1c(=O)oc2cc(Cl)ccc12,-5.233
CCCCCCCC,-5.24
C=C,-0.4
CCCC(=C)C,-3.03
OC(CC(c1ccccc1)c3c(O)c2ccccc2oc3=O)c4ccc(cc4)c5ccc(Br)cc5,-4.445
Oc2ccc1ncccc1c2,-2.16
Nc3nc(N)c2nc(c1ccccc1)c(N)nc2n3,-2.404
CCC1(C(=O)NC(=O)NC1=O)c2ccccc2,-2.322
c2cnc1ncncc1n2,0.02
CN(=O)=O,0.26
C1OC(O)C(O)C(O)C1O,0.39
ClC=C(Cl)Cl,-1.96
CC(C#C)N(C)C(=O)Nc1ccc(Cl)cc1,-3.9
OC(c1ccc(Cl)cc1)(c2ccc(Cl)cc2)C(Cl)(Cl)Cl,-5.666
c1ccsc1,-1.33
Cc1cc(=O)[nH]c(=S)[nH]1,-2.436
CCOP(=S)(OCC)ON=C(C#N)c1ccccc1,-4.862
CCNc1nc(NC(C)(C)C)nc(OC)n1,-3.239
c1cnc2c(c1)ccc3ncccc23,-2.68
CC(C)c1ccc(C)cc1,-3.77
CC(C)OP(=S)(OC(C)C)SCCNS(=O)(=O)c1ccccc1,-4.2
CCN(CC)C(=O)C(C)Oc1cccc2ccccc12,-3.57
Clc1cc(Cl)c(Cl)c(Cl)c1Cl,-5.65
CC(Cl)Cl,-1.29
CCNP(=S)(OC)OC(=CC(=O)OC(C)C)C,-3.408
Brc1ccc2ccccc2c1,-4.4
CC34CCC1C(CCC2CC(O)CCC12C)C3CCC4=O,-4.16
CN(C)c1ccccc1,-1.92
c1(O)c(C)ccc(C(C)C)c1,-2.08
Cc1ccnc(C)c1,0.38
Clc2ccc1oc(=O)[nH]c1c2,-2.8310000000000004
c1cC2C(=O)NC(=O)C2cc1,-2.932
CCN2c1ncccc1N(C)C(=O)c3cccnc23,-2.62
C(c1ccccc1)c2ccccc2,-4.08
CC(C)CO,0.1
CNC(=O)Oc1ccc(N(C)C)c(C)c1,-2.36
CCC(C)O,0.47
CCCCCCCBr,-4.43
O=c2[nH]c(=O)c1[nH]c(=O)[nH]c1[nH]2,-3.93
C=CC=C,-1.87
Nc1cc[nH]c(=O)n1,-1.155
CC12CCC(CC1)C(C)(C)O2,-1.74
CC(C)COC(=O)C,-1.21
CCOc1ccc(NC(N)=O)cc1,-2.17
CCCCC1C(=O)N(N(C1=O)c2ccc(O)cc2)c3ccccc3,-3.73
CC(C)=CCCC(O)(C)C=C,-1.99
c1ccccc1C(O)c2ccccc2,-2.55
CC(=C)C,-2.33
c1ccc2cnccc2c1,-1.45
CC1OC(CC(O)C1O)OC2C(O)CC(OC2C)OC8C(O)CC(OC7CCC3(C)C(CCC4C3CC(O)C5(C)C(CCC45O)C6=CC(=O)OC6)C7)OC8C,-4.081
COP(=S)(OC)SCC(=O)N(C)C=O,-1.995
Nc1ccc(Cl)cc1,-1.66
CCC(C)C1(CC(Br)=C)C(=O)NC(=O)NC1=O,-2.647
CC(C)C(C)(C)C,-4.36
CC(OC(=O)Nc1cccc(Cl)c1)C#C,-2.617
CCN2c1nc(N(C)(CCO))ccc1NC(=O)c3cccnc23,-3.36
CCCC1CCCC1,-4.74
Clc1cccc(Cl)c1c2ccccc2,-5.21
CCCCCCCC(=O)OCC,-3.39
CC=C(C)C,-2.56
CC34CC(O)C1(F)C(CCC2=CC(=O)C=CC12C)C3CC(O)C4(O)C(=O)CO,-3.68
CNC(=O)ON=C(CSC)C(C)(C)C,-1.62
CO,1.57
Cc1cc(C)c(C)cc1C,-4.59
CCc1ccc2ccccc2c1,-4.29
CCC,-1.94
CC34CCc1c(ccc2cc(O)ccc12)C3CCC4=O,-5.24
CCCCCOC(=O)CC,-1.28
CCCCC,-3.18
CCCC(O)CCC,-1.4
Fc1ccccc1Br,-2.7
CCCCCCCC(=O)OC,-3.17
CC1(C)C(C(=O)OC(C#N)c2cccc(Oc3ccccc3)c2)C1(C)C,-6.025
CCCCC(C)(O)CC,-1.6
COC(=O)C1=C(C)NC(=C(C1c2ccccc2N(=O)=O)C(=O)OC)C,-4.76
c1c(Br)ccc2ccccc12,-4.4
Cc1ccccc1Br,-2.23
OCC1OC(O)(CO)C(O)C1O,0.64
CC(=O)C(C)(C)C,-0.72
CCCCC=C,-3.23
O=N(=O)c1ccc(cc1)N(=O)=O,-3.39
CC(C)Nc1nc(Cl)nc(NC(C)C)n1,-4.43
CCN2c1cc(OC)cc(C)c1NC(=O)c3cccnc23,-5.153
CCc1ccccn1,0.51
c1c(O)C2C(=O)C3cc(O)ccC3OC2cc1(OC),-2.943
Oc1ccc(cc1)c2ccccc2,-3.48
CCC(C)(C)Cl,-2.51
O=N(=O)OCC(CON(=O)=O)ON(=O)=O,-2.22
CCCCOCCCC,-1.85
CC(C)=CC3C(C(=O)OCc2cccc(Oc1ccccc1)c2)C3(C)C,-5.24
C=Cc1ccccc1,-2.82
COCCCNc1nc(NC(C)C)nc(SC)n1,-2.928
CC12CC(O)C3C(CCC4=CC(=O)CCC34C)C2CCC1(O)C(=O)CO,-3.09
Nc1ccccc1O,-0.72
COc1ccc(cc1)N(=O)=O,-2.41
FC(F)(Cl)C(F)(F)Cl,-2.74
CCC(C)CC,-3.68
N(Nc1ccccc1)c2ccccc2,-2.92
CNN,1.34
CCOP(=S)(OCC)Oc1nc(Cl)c(Cl)cc1Cl,-5.67
Oc1ccc(C=O)cc1,-0.96
c1cc2ccc3ccc4ccc5ccc6ccc1c7c2c3c4c5c67,-9.332
COc2cnc1ncncc1n2,-1.139
CC(=O)Nc1nnc(s1)S(N)(=O)=O,-2.36
ClCBr,-0.89
Cc1ccccc1n3c(C)nc2ccccc2c3=O,-2.925
Clc1ccccc1,-2.38
CCOC(=O)Nc2cccc(OC(=O)Nc1ccccc1)c2,-4.632
CCC(O)CC,-0.24
Nc2cccc3nc1ccccc1cc23,-4.22
CCc1cccc(CC)c1N(COC)C(=O)CCl,-3.26
CCC(C)n1c(=O)[nH]c(C)c(Br)c1=O,-2.523
CCC(Br)(CC)C(=O)NC(N)=O,-2.68
C=CCC=C,-2.09
ClC(Cl)=C(c1ccc(Cl)cc1)c2ccc(Cl)cc2,-6.9
OCC(O)COC(=O)c1ccccc1Nc2ccnc3cc(Cl)ccc23,-4.571000000000001
CCc1ccccc1C,-3.21
CN(C)c1nc(nc(n1)N(C)C)N(C)C,-3.364
CC12CC(O)C3C(CCC4=CC(=O)CCC34C)C2CCC1C(=O)CO,-3.24
c1ccc2ccccc2c1,-3.6
Oc1cc(Cl)c(Cl)c(Cl)c1Cl,-3.15
CNC(=O)ON=C(SC)C(=O)N(C)C,0.106
CCOP(=S)(OCC)N2C(=O)c1ccccc1C2=O,-3.35
CCOP(=S)(OCC)Oc1cc(C)nc(n1)C(C)C,-3.64
ClC1(C2(Cl)C3(Cl)C4(Cl)C5(Cl)C1(Cl)C3(Cl)Cl)C5(Cl)C(Cl)(Cl)C24Cl,-6.8
C1OC1c2ccccc2,-1.6
Cc1ccc2cc3ccccc3cc2c1,-6.96
c1ccccc1SC,-2.39
O=C2NC(=O)C1(CCCCCCC1)C(=O)N2,-2.982
Clc1c(Cl)c(Cl)c(N(=O)=O)c(Cl)c1Cl,-5.82
CCCN(=O)=O,-0.8
Fc1cccc(F)c1C(=O)NC(=O)Nc2cc(Cl)c(F)c(Cl)c2F,-7.28
CCBr,-1.09
c2ccc1nc(ccc1c2)c4ccc3ccccc3n4,-5.4
Brc1cccc(Br)c1,-3.54
O=C1N(C2CCC(=O)NC2=O)C(=O)c3ccccc13,-2.676
CCSC(=O)N(CC(C)C)CC(C)C,-3.68
CCOP(=S)(NC(C)C)Oc1ccccc1C(=O)OC(C)C,-4.194
c1ccccc1C(O)C(O)c2ccccc2,-1.93
CS(=O)(=O)c1ccc(cc1)C(O)C(CO)NC(=O)C(Cl)Cl,-2.154
NS(=O)(=O)c2cc1c(NCNS1(=O)=O)cc2Cl,-2.63
c1ccc2c(c1)c3cccc4cccc2c34,-6.0
Nc1nc(=O)[nH]cc1F,-0.972
O=C(Nc1ccccc1)Nc2ccccc2,-3.15
